id_restaurante,nombre_restaurante
"REST-232","Pizzeria Las Cuartetas"
"REST-107","Empanadas La Continental"
"REST-098","Empanadas Delicias"
"REST-161","Heladeria Grido"
"REST-032","Cafeteria All Saints"
"REST-151","Heladeria Antiche"
"REST-188","Parrilla El Fogón"
"REST-055","Cafeteria Poesia"
"REST-131","Hamburgueseria Fat Broder"
"REST-261","Rotiseria La Familia"
"REST-020","Bodegon Manolo"
"REST-068","Dietetica Equilibrio"
"REST-013","Bodegon Federal"
"REST-292","Sushi Sushi Express"
"REST-277","Sushi Fuji"
"REST-053","Cafeteria Olimpo"
"REST-213","Pizzeria Burgio"
"REST-252","Rotiseria El Cucharón"
"REST-148","Hamburgueseria Voraz"
"REST-039","Cafeteria El Gato"
"REST-067","Dietetica Energia"
"REST-040","Cafeteria Florida Garden"
"REST-093","Empanadas Caseras"
"REST-249","Rotiseria El Barrio"
"REST-096","Empanadas Cumen"
"REST-266","Rotiseria Sabor de Hogar"
"REST-080","Dietetica Pura Vida"
"REST-185","Parrilla El Desnivel"
"REST-059","Cafeteria Usina Cafetera"
"REST-124","Hamburgueseria Big Pons"
"REST-293","Sushi Sushi House"
"REST-160","Heladeria Freddo"
"REST-024","Bodegon Plaza Astolfi"
"REST-012","Bodegon El Preferido"
"REST-272","Sushi Bonsai"
"REST-070","Dietetica Flor"
"REST-298","Sushi Tokio"
"REST-180","Heladeria Volta"
"REST-235","Pizzeria Nápoles"
"REST-283","Sushi Miyako"
"REST-121","Hamburgueseria Arredondo"
"REST-165","Heladeria Luccianos"
"REST-237","Pizzeria Roma"
"REST-239","Pizzeria San Carlos"
"REST-294","Sushi Sushi Master"
"REST-212","Pizzeria Banchero"
"REST-046","Cafeteria Las Violetas"
"REST-122","Hamburgueseria Bacon"
"REST-025","Bodegon Roma"
"REST-034","Cafeteria Biela"
"REST-157","Heladeria Dolomiti"
"REST-097","Empanadas De la Abuela"
"REST-158","Heladeria El Fundador"
"REST-069","Dietetica Estrella"
"REST-043","Cafeteria Havana"
"REST-086","Dietetica Tomate Algo"
"REST-009","Bodegon El Faro"
"REST-187","Parrilla El Ferroviario"
"REST-228","Pizzeria La Nueva"
"REST-128","Hamburgueseria Deniro"
"REST-280","Sushi Kobe"
"REST-226","Pizzeria La Guitarrita"
"REST-224","Pizzeria Kentucky"
"REST-279","Sushi Kenzo"
"REST-062","Dietetica Bio Natural"
"REST-064","Dietetica Cosecha"
"REST-081","Dietetica Raiz"
"REST-134","Hamburgueseria Heisenburger"
"REST-251","Rotiseria El Buen Sabor"
"REST-110","Empanadas Mi Gusto"
"REST-061","Dietetica Armonia"
"REST-271","Sushi Akira"
"REST-176","Heladeria Scannapieco"
"REST-183","Parrilla Don Ignacio"
"REST-057","Cafeteria Tortoni"
"REST-090","Dietetica Zen"
"REST-281","Sushi Kyoto"
"REST-048","Cafeteria Le Ble"
"REST-073","Dietetica Green Eat"
"REST-029","Bodegon Spiagge di Napoli"
"REST-221","Pizzeria Guerrin"
"REST-092","Empanadas Al Horno"
"REST-201","Parrilla La Escondida"
"REST-250","Rotiseria El Buen Gusto"
"REST-242","Rotiseria Central"
"REST-149","Hamburgueseria Weiss"
"REST-140","Hamburgueseria Moe's"
"REST-240","Pizzeria Solis"
"REST-094","Empanadas Costumbres"
"REST-199","Parrilla La Choza"
"REST-236","Pizzeria Pirillo"
"REST-052","Cafeteria Ninina"
"REST-095","Empanadas Criollas"
"REST-174","Heladeria San Remo"
"REST-076","Dietetica Luna"
"REST-035","Cafeteria Britanico"
"REST-109","Empanadas Mendocinas"
"REST-118","Empanadas Tomasso"
"REST-216","Pizzeria El Cedrón"
"REST-074","Dietetica Hoja"
"REST-241","Rotiseria A Punto"
"REST-060","Cafeteria Varela Varelita"
"REST-262","Rotiseria La Olla"
"REST-006","Bodegon Cerveceria Lopez"
"REST-229","Pizzeria La Rey"
"REST-044","Cafeteria Homero"
"REST-253","Rotiseria El Gato Negro"
"REST-206","Parrilla Los Platitos"
"REST-036","Cafeteria Cabrales"
"REST-217","Pizzeria El Cuartito"
"REST-105","Empanadas La Americana"
"REST-233","Pizzeria Los Campeones"
"REST-152","Heladeria Arnaldo"
"REST-056","Cafeteria Tienda de Cafe"
"REST-045","Cafeteria Ideal"
"REST-257","Rotiseria Gourmet Express"
"REST-179","Heladeria Via Maggiore"
"REST-191","Parrilla El Ombú"
"REST-088","Dietetica Vida Sana"
"REST-163","Heladeria Jauja"
"REST-210","Parrilla Roldán"
"REST-103","Empanadas Gourmet"
"REST-002","Bodegon Bar de Cao"
"REST-195","Parrilla El Tano"
"REST-274","Sushi Dashi"
"REST-172","Heladeria Ramon Ceria"
"REST-238","Pizzeria San Antonio"
"REST-203","Parrilla La Tradición"
"REST-282","Sushi Mika"
"REST-005","Bodegon Celta Bar"
"REST-003","Bodegon Britanico"
"REST-143","Hamburgueseria Pony Line"
"REST-211","Pizzeria Angelin"
"REST-142","Hamburgueseria Perez H"
"REST-166","Heladeria Milano"
"REST-181","Parrilla Cabaña Las Lilas"
"REST-154","Heladeria Cadore"
"REST-223","Pizzeria Imperio"
"REST-104","Empanadas Kiosco"
"REST-207","Parrilla Los Talas"
"REST-084","Dietetica Sol"
"REST-245","Rotiseria Don Carlos"
"REST-222","Pizzeria Génova"
"REST-017","Bodegon Lezama"
"REST-138","Hamburgueseria La Birra Bar"
"REST-196","Parrilla La Brigada"
"REST-227","Pizzeria La Mezzetta"
"REST-112","Empanadas Picantes"
"REST-170","Heladeria Persicco"
"REST-169","Heladeria Occo"
"REST-072","Dietetica Fruto"
"REST-150","Hamburgueseria Williams"
"REST-264","Rotiseria Los Amigos"
"REST-164","Heladeria La Sorbetiere"
"REST-066","Dietetica El Naranjo"
"REST-202","Parrilla La Estancia"
"REST-234","Pizzeria Los Inmortales"
"REST-111","Empanadas Morita"
"REST-037","Cafeteria Cuervo"
"REST-189","Parrilla El Lazo"
"REST-038","Cafeteria El Federal"
"REST-218","Pizzeria El Fortin"
"REST-184","Parrilla Don Julio"
"REST-001","Bodegon Bar Sur"
"REST-113","Empanadas Porteñas"
"REST-256","Rotiseria El Rey"
"REST-145","Hamburgueseria The Burger Company"
"REST-299","Sushi Wasabi"
"REST-050","Cafeteria Margot"
"REST-290","Sushi Samurai"
"REST-119","Empanadas Tradicionales"
"REST-011","Bodegon El Obrero"
"REST-010","Bodegon El Globo"
"REST-269","Rotiseria Tentaciones"
"REST-198","Parrilla La Cabrera Norte"
"REST-205","Parrilla Lo de Jesus"
"REST-167","Heladeria Munchis"
"REST-100","Empanadas El Noble"
"REST-083","Dietetica Semilla"
"REST-285","Sushi Ninja"
"REST-156","Heladeria Daniel"
"REST-027","Bodegon San Jose"
"REST-197","Parrilla La Cabrera"
"REST-042","Cafeteria Gato Negro"
"REST-141","Hamburgueseria Paris Burger"
"REST-071","Dietetica Fresh"
"REST-147","Hamburgueseria Toro"
"REST-248","Rotiseria Doña Rosa"
"REST-136","Hamburgueseria Kiddo"
"REST-171","Heladeria Podio"
"REST-015","Bodegon La Pipeta"
"REST-286","Sushi Oishii"
"REST-014","Bodegon Flor de Barracas"
"REST-275","Sushi Edo"
"REST-186","Parrilla El Establo"
"REST-077","Dietetica Natural Market"
"REST-291","Sushi Sensei"
"REST-022","Bodegon Norte"
"REST-230","Pizzeria La Rumba"
"REST-175","Heladeria Saverio"
"REST-287","Sushi Osaka"
"REST-102","Empanadas Fritas"
"REST-259","Rotiseria La Cocina de Mama"
"REST-115","Empanadas Salteñas"
"REST-120","Empanadas Tucumanas"
"REST-200","Parrilla La Dorita"
"REST-162","Heladeria Italia"
"REST-126","Hamburgueseria Burgertify"
"REST-106","Empanadas La Cocina"
"REST-135","Hamburgueseria Kevin Bacon"
"REST-284","Sushi Nihon"
"REST-016","Bodegon La Poesia"
"REST-079","Dietetica NutriShop"
"REST-289","Sushi Sakura"
"REST-193","Parrilla El Rancho"
"REST-177","Heladeria Tufic"
"REST-030","Bodegon Yiyo"
"REST-297","Sushi Sushiman"
"REST-007","Bodegon El Antojo"
"REST-209","Parrilla Peña"
"REST-116","Empanadas Solo"
"REST-082","Dietetica Saludable"
"REST-268","Rotiseria San Cayetano"
"REST-133","Hamburgueseria Gula"
"REST-278","Sushi Kansai"
"REST-192","Parrilla El Pobre Luis"
"REST-033","Cafeteria Angelitos"
"REST-085","Dietetica Tierra"
"REST-041","Cafeteria Full City"
"REST-190","Parrilla El Matrero"
"REST-139","Hamburgueseria Mi Barrio"
"REST-101","Empanadas El Sanjuanino"
"REST-276","Sushi Fabric"
"REST-219","Pizzeria El Mazacote"
"REST-063","Dietetica Brote"
"REST-065","Dietetica Eco Market"
"REST-127","Hamburgueseria Classic"
"REST-047","Cafeteria Lattente"
"REST-075","Dietetica La Esquina"
"REST-244","Rotiseria Delicias"
"REST-231","Pizzeria La Universal"
"REST-028","Bodegon Seddon"
"REST-204","Parrilla La Vuelta"
"REST-220","Pizzeria El Trébol"
"REST-008","Bodegon El Banderin"
"REST-247","Rotiseria Doña Maria"
"REST-021","Bodegon Miramar"
"REST-159","Heladeria El Polo"
"REST-273","Sushi Club"
"REST-132","Hamburgueseria Gourmet"
"REST-051","Cafeteria Martinez"
"REST-270","Rotiseria Viandas Express"
"REST-114","Empanadas Rincon Norteño"
"REST-019","Bodegon Los Galgos"
"REST-099","Empanadas El Horno"
"REST-146","Hamburgueseria Tierra de Nadie"
"REST-208","Parrilla Miravalles"
"REST-091","Empanadas 1990"
"REST-078","Dietetica Naturaleza"
"REST-137","Hamburgueseria Krusty"
"REST-004","Bodegon Cantina Pierino"
"REST-031","Cafeteria Adorado"
"REST-194","Parrilla El Secretito"
"REST-260","Rotiseria La Esquina"
"REST-049","Cafeteria London City"
"REST-300","Sushi Zen"
"REST-023","Bodegon Pippo"
"REST-214","Pizzeria Centenario"
"REST-144","Hamburgueseria Slvj"
"REST-246","Rotiseria Don Jose"
"REST-168","Heladeria Napoli"
"REST-155","Heladeria Chungo"
"REST-295","Sushi Sushi Phone"
"REST-018","Bodegon Los Chicos"
"REST-255","Rotiseria El Plato"
"REST-026","Bodegon Rovira"
"REST-054","Cafeteria Petit Colon"
"REST-089","Dietetica Vital"
"REST-263","Rotiseria La Reina"
"REST-258","Rotiseria La Abuela"
"REST-125","Hamburgueseria Burger Joint"
"REST-178","Heladeria Venecia"
"REST-296","Sushi Sushi Roll"
"REST-129","Hamburgueseria Dilligan"
"REST-117","Empanadas Suaves"
"REST-215","Pizzeria Cervantes"
"REST-243","Rotiseria Comida Casera"
"REST-130","Hamburgueseria Dogg"
"REST-288","Sushi Pop"
"REST-265","Rotiseria Rico y Sano"
"REST-225","Pizzeria La Americana"
"REST-153","Heladeria Bari"
"REST-123","Hamburgueseria Basti"
